{
  "intents": [
    {
      "name": "AMAZON.CancelIntent",
      "samples": [
        "Cancel"
      ]
    },
    {
      "name": "AMAZON.HelpIntent",
      "samples": []
    },
    {
      "name": "AMAZON.StopIntent",
      "samples": [
        "Stop"
      ]
    },
    {
      "name": "ThrowADiceIntent",
      "samples": [
        "Ask invisible dice {Action}",
        "Tell invisible dice {Action}",
        "Search invisible dice for {Action}",
        "Talk to invisible dice and {Action}",
        "Open invisible dice and {Action}",
        "Launch invisible dice and {Action}",
        "Start invisible dice and {Action}",
        "Resume invisible dice and {Action}",
        "Run invisible dice and {Action}",
        "Load invisible dice and {Action}",
        "Begin invisible dice and {Action}",
        "Ask invisible dice to {Action}",
        "Ask invisible dice about {Action}",
        "Ask invisible dice for {Action}",
        "Tell invisible dice to {Action}",
        "Tell invisible dice that {Action}",
        "Use invisible dice to {Action}",
        "Use invisible dice and {Action}",
        "{Action} by invisible dice",
        "{Action} from invisible dice",
        "{Action} in invisible dice",
        "{Action} using invisible dice",
        "{Action} with invisible dice",
        "{Action}"
      ],
      "slots": [
        {
          "name": "Action",
          "type": "LIST_OF_ACTIONS",
          "samples": []
        }
      ]
    }
  ],
  "types": [
    {
      "name": "LIST_OF_ACTIONS",
      "values": [
        {
          "id": null,
          "name": {
            "value": "throw a dice",
            "synonyms": []
          }
        },
        {
          "id": null,
          "name": {
            "value": "give me a result",
            "synonyms": []
          }
        },
        {
          "id": null,
          "name": {
            "value": "roll a dice",
            "synonyms": []
          }
        }
      ]
    }
  ]
}
